{
  "project_info": {
    "project_number": "841540073267",
    "project_id": "eurofarma-b6ab6",
    "storage_bucket": "eurofarma-b6ab6.appspot.com"
  },
  "client": [
    {
      "client_info": {
        "mobilesdk_app_id": "1:841540073267:android:69d3af31682fec900c3046",
        "android_client_info": {
          "package_name": "com.example.ondboard"
        }
      },
      "oauth_client": [],
      "api_key": [
        {
          "current_key": "AIzaSyBnAO9RTd9cZit-KHNzoAiMY_E2n0kQ2Dw"
        }
      ],
      "services": {
        "appinvite_service": {
          "other_platform_oauth_client": []
        }
      }
    }
  ],
  "configuration_version": "1"
}